{
    "START": {
        "Explanations": {
            "title": "Explanation:",
            "text": [
                "The LanguageDecoder translates a given text from the source language",
                "to the desired target language word by word (decoding).",
                "Therefor the Google translator is used in the backend.",
                "To improve the translation,",
                "a dictionary can be created to automatically correct common translation errors.",
                "Afterwards, the decoded text can be exported to a PDF file.",
                "The LanguageDecoder can also be used to create language learning lessons based on the",
                "Birkenbihl approach."
            ],
            "start": "START"
        },
        "Disclaimers": {
            "title": "Disclaimer:",
            "text": [
                "The LanguageDecoder is an open source project and runs under the MIT licence.",
                "To find out more about the project, visit the LanguageDecoder at",
                "Github.com."
            ]
        }
    },
    "UPLOAD": {
        "Header": {
            "start_page": "START PAGE",
            "upload": "UPLOAD",
            "dictionaries": "DICTIONARIES"
        },
        "Dialogs": [
            "Some tips for the user interface!",
            ""
        ],
        "Uploads": [
            "Upload a text file or enter some text below.",
            "Select file"
        ],
        "Title": "Title",
        "Input_txt": [
            "Enter some text",
            "start typing"
        ],
        "Messages": {
            "decode": "Upload a text file or enter some text below.",
            "invalid": "Invalid text file. Use a different one or paste some text below.",
            "success": "Upload finished.",
            "reject": "Upload a text file with max:"
        },
        "Tips": {
            "help": "Need help?",
            "title": "Title of text",
            "save": "Save text",
            "decode": "Start decoding",
            "delete": "Clear text"
        },
        "Footer": {
            "source": "Source language",
            "target": "Target language",
            "decode": "DECODE"
        }
    },
    "DECODING": {
        "Header": {
            "go_back": "GO BACK TO UPLOAD",
            "decoding": "DECODING",
            "dictionaries": "DICTIONARIES"
        },
        "Dialogs": [
            "Some tips for the user interface!"
        ],
        "Dialogs_import": [
            "Upload a previously exported json file.",
            "Select file"
        ],
        "Dialogs_pdf": {
            "view": "VIEW PDF",
            "download": "DOWNLOAD",
            "text": [
                "The pdf file is ready!",
                "You can either first view the document:",
                "Or just download the document:"
            ]
        },
        "Messages": {
            "decoding": "Decoding words:",
            "reject": "Upload a json file with max:",
            "invalid": "Invalid json file. Upload a previously exported json file."
        },
        "Tips": {
            "help": "Need help?",
            "replace": "Replace",
            "import_": "Import words",
            "save": "Save decoding",
            "export": "Export words",
            "view": "Sentence view"
        },
        "Footer": {
            "import_": "IMPORT",
            "apply": "APPLY DICT",
            "create": "CREATE PDF",
            "export": "EXPORT",
            "replace": "APPLY"
        }
    },
    "DICTIONARY": {
        "Header": {
            "go_back": "GO BACK",
            "dictionaries": "DICTIONARIES"
        },
        "Dialogs_select": [
            "Some tips for the user interface!",
            ""
        ],
        "Selector": {
            "rename": "Rename dictionary",
            "select": "Select or create a dictionary"
        },
        "Dialogs_table": [
            "Some tips for the user interface!",
            ""
        ],
        "Table": {
            "key": "Source words",
            "val": "Target words"
        },
        "Dialogs_import": [
            "Upload a previously exported json file.",
            "Select file"
        ],
        "Messages": {
            "add_row": "Please select or create a dictionary.",
            "reject": "Upload a json file with max:",
            "invalid": "Invalid json file. Upload a previously exported json file."
        },
        "Tips": {
            "help": "Need help?",
            "delete": "Delete dictionary",
            "clear": "Clear dictionary",
            "save": "Save dictionary",
            "import_": "Import dictionary'",
            "export": "Export dictionary"
        },
        "Footer": {
            "import_": "IMPORT",
            "export": "EXPORT"
        }
    },
    "SETTINGS": {
        "Header": {
            "go_back": "GO BACK",
            "dictionaries": "SETTINGS"
        },
        "Panel": [
            "INTERFACE SETTINGS",
            "REPLACEMENTS",
            "PDF SETTINGS",
            "ADVANCED SETTINGS"
        ],
        "Dialogs_interface": [
            "Some tips for the user interface!",
            ""
        ],
        "Interface": {
            "text": [
                "Dark mode",
                "Show tooltips",
                "Reformat source text",
                "Select language",
                "Proxy configuration:"
            ],
            "check": "CHECK CONNECTION",
            "apply": "APPLY"
        },
        "Dialogs_replace": [
            "Some tips for the user interface!",
            ""
        ],
        "Table": {
            "key": "Character",
            "val": "Substitute"
        },
        "Dialogs_pdf": [
            "Some tips for the user interface!",
            ""
        ],
        "Pdf": [
            "Use page seperator [0, 1]",
            "Tab size between words",
            "Characters per line",
            "Lines per page",
            "Title font size",
            "Text font size",
            "Page width",
            "Title height",
            "Header height",
            "Line height"
        ],
        "Dialogs_adv": [
            "Some tips for the user interface!",
            ""
        ],
        "Advanced": [
            "Punctuations",
            "Starting Marks",
            "Finishing Marks",
            "Number Marks",
            "Opening Marks",
            "Closing Marks",
            "Quotations"
        ],
        "Messages": {
            "connect_check": [
                "Connection successful",
                "500 Internal server error"
            ]
        },
        "Tips": {
            "interface": {
                "help": "Need help?",
                "apply": "Apply settings",
                "reset": "Reset settings"
            },
            "replace": {
                "help": "Need help?",
                "save": "Save settings",
                "reset": "Reset settings",
                "delete": "Clear settings"
            },
            "pdf": {
                "help": "Need help?",
                "save": "Save settings",
                "reset": "Reset settings"
            },
            "advanced": {
                "help": "Need help?",
                "save": "Save settings",
                "reset": "Reset settings"
            }
        }
    }
}