{
    "START": {
        "Explanations": [
            "Explanation:",
            [
                "The LanguageDecoder translates a given source language to a desired target language word by word (decoding).",
                "Therefor the Google translator is used in the backend.",
                "To improve the translation, a dictionary can be created to automatically correct common translation errors.",
                "Afterwards, the decoded text can be exported to a PDF file."
            ],
            "The LanguageDecoder can also be used to create language learning lessons based on the"
        ],
        "Disclaimers": [
            "Disclaimer:",
            [
                "The LanguageDecoder is an open source project and runs under the MIT licence."
            ],
            "To find out more about the project, visit the LanguageDecoder at"
        ]
    },
    "UPLOAD": {
        "Dialogs": [
            "Some tips for the user interface!",
            ""
        ],
        "Uploads": [
            "Upload a text file or enter some text below.",
            "Select file"
        ],
        "Title": "Title",
        "Input_txt": [
            "Enter some text",
            "start typing"
        ],
        "Language": [
            "Source language",
            "Target language"
        ],
        "Messages": {
            "decode": "Upload a text file or enter some text below.",
            "invalid": "Invalid text file. Use a different one or paste some text below.",
            "success": "Upload finished.",
            "reject": "Upload a text file with max:"
        },
        "Tips": {
            "help": "Need help?",
            "title": "Title of text",
            "save": "Save text",
            "decode": "Start decoding",
            "delete": "Clear text"
        }
    },
    "DECODING": {
        "Dialogs": [
            "Some tips for the user interface!"
        ],
        "Dialogs_pdf": [
            "The pdf file is ready!",
            "You can either first view the document:",
            "Or just download the document:"
        ],
        "Dialogs_import": [
            "Upload a previously exported json file.",
            "Select file"
        ],
        "Messages": {
            "decoding": "Decoding words:",
            "reject": "Upload a json file with max:",
            "invalid": "Invalid json file. Upload a previously exported json file."
        },
        "Tips": {
            "help": "Need help?",
            "save": "Save decoding"
        }
    },
    "DICTIONARY": {
        "Dialogs_select": [
            "Some tips for the user interface!",
            ""
        ],
        "Dialogs_table": [
            "Some tips for the user interface!",
            ""
        ],
        "Selector": [
            "Rename dictionary",
            "Select or create a dictionary"
        ],
        "Messages": {
            "add_row": "Please select or create a dictionary."
        },
        "Tips": {
            "help": "Need help?",
            "delete": "Delete dictionary",
            "help_table": "Need help?",
            "delete_table": "Clear dictionary",
            "save": "Save dictionary"
        }
    },
    "SETTINGS": {
        "Dialogs_interface": [
            "Some tips for the user interface!",
            ""
        ],
        "Dialogs_replace": [
            "Some tips for the user interface!",
            ""
        ],
        "Dialogs_pdf": [
            "Some tips for the user interface!",
            ""
        ],
        "Dialogs_adv": [
            "Some tips for the user interface!",
            ""
        ],
        "Panel": [
            "INTERFACE SETTINGS",
            "REPLACEMENTS",
            "PDF SETTINGS",
            "ADVANCED SETTINGS"
        ],
        "Interface": [
            "Dark mode",
            "Show tooltips",
            "Select language"
        ],
        "Pdf": [
            "Use page seperator [0, 1]",
            "Tab size between words",
            "Characters per line",
            "Lines per page",
            "Title font size",
            "Text font size",
            "Page width",
            "Title height",
            "Header height",
            "Line height"
        ],
        "Advanced": [
            "Punctuations",
            "Beginning Patterns",
            "End Pattern",
            "Quotations"
        ],
        "Messages": {
            "connect_check": [
                "Connection successful",
                "500 Internal server error"
            ]
        },
        "Tips": {
            "interface": {
                "help": "Need help?",
                "apply": "Apply settings",
                "reset": "Reset settings"
            },
            "replace": {
                "help": "Need help?",
                "save": "Save settings",
                "reset": "Reset settings",
                "delete": "Clear settings"
            },
            "pdf": {
                "help": "Need help?",
                "save": "Save settings",
                "reset": "Reset settings"
            },
            "advanced": {
                "help": "Need help?",
                "save": "Save settings",
                "reset": "Reset settings"
            }
        }
    }
}