{
    "START": {
        "Explanations": [
            "Explanation:",
            "blabla"
        ],
        "Disclaimers": [
            "Disclaimer:",
            "blabla"
        ]
    },
    "UPLOAD": {
        "Dialogs": [
            "Some tips for the user interface!",
            ""
        ],
        "Uploads": [
            "Upload a text file or enter some text below",
            "Select file"
        ],
        "Title": "Title",
        "Input_txt": [
            "Enter some text",
            "start typing"
        ],
        "Language": [
            "Source language",
            "Target language"
        ],
        "Messages": {
            "decode": "Upload text file or enter some text below",
            "invalid": "Invalid input file. Use a different one or paste some text below",
            "success": "Upload finished",
            "reject": "Upload a text file with max:"
        },
        "Tips": {
            "help": "Need help?",
            "title": "Title of text",
            "save": "Save text",
            "decode": "Start decoding",
            "delete": "Clear text"
        }
    },
    "DECODING": {
        "Dialogs": [
            "Some tips for the user interface!",
            ""
        ],
        "Dialogs_pdf": [
            "The pdf file is ready!",
            "You can either first view the document:",
            "Or just download the document:"
        ],
        "Messages": {
            "decoding": "Decoding words:"
        },
        "Tips": {
            "help": "Need help?",
            "save": "Save decoding"
        }
    },
    "DICTIONARY": {
        "Dialogs_select": [
            "Some tips for the user interface!",
            ""
        ],
        "Dialogs_table": [
            "Some tips for the user interface!",
            ""
        ],
        "Selector": [
            "rename dictionary",
            "Select or create a dictionary"
        ],
        "Messages": {
            "add_row": "Please select or create a dictionary"
        },
        "Tips": {
            "help": "Need help?",
            "delete": "Delete dictionary",
            "help_table": "Need help?",
            "delete_table": "Clear dictionary",
            "save": "Save dictionary"
        }
    },
    "SETTINGS": {
        "Dialogs_interface": [
            "Some tips for the user interface!",
            ""
        ],
        "Dialogs_replace": [
            "Some tips for the user interface!",
            ""
        ],
        "Dialogs_pdf": [
            "Some tips for the user interface!",
            ""
        ],
        "Dialogs_adv": [
            "Some tips for the user interface!",
            ""
        ],
        "Panel": [
            "INTERFACE SETTINGS",
            "REPLACEMENTS",
            "PDF SETTINGS",
            "ADVANCED SETTINGS"
        ],
        "Interface": [
            "Dark mode",
            "Show tooltips",
            "Select language"
        ],
        "Pdf": [
            "Tab size",
            "Use page seperator [0, 1]",
            "Characters per line",
            "Lines per page",
            "Title font size",
            "Font size",
            "PDF width",
            "PDF block height"
        ],
        "Advanced": [
            "Punctuations",
            "Beginning Patterns",
            "End Pattern",
            "Quotations"
        ],
        "Tips": {
            "interface": {
                "help": "Need help?",
                "apply": "Apply settings",
                "reset": "Reset settings"
            },
            "replace": {
                "help": "Need help?",
                "save": "Save settings",
                "reset": "Reset settings",
                "delete": "Clear settings"
            },
            "pdf": {
                "help": "Need help?",
                "save": "Save settings",
                "reset": "Reset settings"
            },
            "advanced": {
                "help": "Need help?",
                "save": "Save settings",
                "reset": "Reset settings"
            }
        }
    }
}